Car,Download
1. Hyundai Verna Fluidic,[car\_01\_verna\_fluidic.jpg](sandbox:///mnt/agents/output/car_01_verna_fluidic.jpg)
2. Kia Sonet Anniversary,[car\_02\_kia\_sonet.jpg](sandbox:///mnt/agents/output/car_02_kia_sonet.jpg)
3. Honda City,[car\_03\_honda\_city.jpg](sandbox:///mnt/agents/output/car_03_honda_city.jpg)
4. Kia Carens,[car\_04\_kia\_carens.jpg](sandbox:///mnt/agents/output/car_04_kia_carens.jpg)
5. Maruti Swift Dzire,[car\_05\_swift\_dzire.jpg](sandbox:///mnt/agents/output/car_05_swift_dzire.jpg)
6. Hyundai Grand i10,[car\_06\_grand\_i10.jpg](sandbox:///mnt/agents/output/car_06_grand_i10.jpg)
7. Tata Nexon EV,[car\_07\_nexon\_ev.jpg](sandbox:///mnt/agents/output/car_07_nexon_ev.jpg)
8. Hyundai Verna CRDi,[car\_08\_verna\_crdi.jpg](sandbox:///mnt/agents/output/car_08_verna_crdi.jpg)
9. Hyundai Venue,[car\_09\_venue.jpg](sandbox:///mnt/agents/output/car_09_venue.jpg)
10. Toyota Corolla,[car\_10\_corolla.jpg](sandbox:///mnt/agents/output/car_10_corolla.jpg)
11. Jeep Compass,[car\_11\_jeep\_compass.jpg](sandbox:///mnt/agents/output/car_11_jeep_compass.jpg)